[
  {
    "model": "places.Commune",
    "fields": {
      "name": "Santiago",
      "slug": "santiago",
      "region": "Metropolitana de Santiago",
      "country": "Chile",
      "lat": -33.448889,
      "lon": -70.669265
    }
  },
  {
    "model": "places.Commune",
    "fields": {
      "name": "Arica",
      "slug": "arica",
      "region": "Arica y Parinacota",
      "country": "Chile",
      "lat": null,
      "lon": null
    }
  },
  {
    "model": "places.Commune",
    "fields": {
      "name": "Camarones",
      "slug": "camarones",
      "region": "Arica y Parinacota",
      "country": "Chile",
      "lat": null,
      "lon": null
    }
  },
  {
    "model": "places.Commune",
    "fields": {
      "name": "General Lagos",
      "slug": "general-lagos",
      "region": "Arica y Parinacota",
      "country": "Chile",
      "lat": null,
      "lon": null
    }
  },
  {
    "model": "places.Commune",
    "fields": {
      "name": "Putre",
      "slug": "putre",
      "region": "Arica y Parinacota",
      "country": "Chile",
      "lat": null,
      "lon": null
    }
  },
  {
    "model": "places.Commune",
    "fields": {
      "name": "Alto Hospicio",
      "slug": "alto-hospicio",
      "region": "Tarapacá",
      "country": "Chile",
      "lat": null,
      "lon": null
    }
  },
  {
    "model": "places.Commune",
    "fields": {
      "name": "Iquique",
      "slug": "iquique",
      "region": "Tarapacá",
      "country": "Chile",
      "lat": null,
      "lon": null
    }
  },
  {
    "model": "places.Commune",
    "fields": {
      "name": "Camiña",
      "slug": "camina",
      "region": "Tarapacá",
      "country": "Chile",
      "lat": null,
      "lon": null
    }
  },
  {
    "model": "places.Commune",
    "fields": {
      "name": "Colchane",
      "slug": "colchane",
      "region": "Tarapacá",
      "country": "Chile",
      "lat": null,
      "lon": null
    }
  },
  {
    "model": "places.Commune",
    "fields": {
      "name": "Huara",
      "slug": "huara",
      "region": "Tarapacá",
      "country": "Chile",
      "lat": null,
      "lon": null
    }
  },
  {
    "model": "places.Commune",
    "fields": {
      "name": "Pica",
      "slug": "pica",
      "region": "Tarapacá",
      "country": "Chile",
      "lat": null,
      "lon": null
    }
  },
  {
    "model": "places.Commune",
    "fields": {
      "name": "Pozo Almonte",
      "slug": "pozo-almonte",
      "region": "Tarapacá",
      "country": "Chile",
      "lat": null,
      "lon": null
    }
  },
  {
    "model": "places.Commune",
    "fields": {
      "name": "Antofagasta",
      "slug": "antofagasta",
      "region": "Antofagasta",
      "country": "Chile",
      "lat": null,
      "lon": null
    }
  },
  {
    "model": "places.Commune",
    "fields": {
      "name": "Calama",
      "slug": "calama",
      "region": "Antofagasta",
      "country": "Chile",
      "lat": null,
      "lon": null
    }
  },
  {
    "model": "places.Commune",
    "fields": {
      "name": "María Elena",
      "slug": "maria-elena",
      "region": "Antofagasta",
      "country": "Chile",
      "lat": null,
      "lon": null
    }
  },
  {
    "model": "places.Commune",
    "fields": {
      "name": "Mejillones",
      "slug": "mejillones",
      "region": "Antofagasta",
      "country": "Chile",
      "lat": null,
      "lon": null
    }
  },
  {
    "model": "places.Commune",
    "fields": {
      "name": "Ollagüe",
      "slug": "ollagüe",
      "region": "Antofagasta",
      "country": "Chile",
      "lat": null,
      "lon": null
    }
  },
  {
    "model": "places.Commune",
    "fields": {
      "name": "San Pedro de Atacama",
      "slug": "san-pedro-de-atacama",
      "region": "Antofagasta",
      "country": "Chile",
      "lat": null,
      "lon": null
    }
  },
  {
    "model": "places.Commune",
    "fields": {
      "name": "Sierra Gorda",
      "slug": "sierra-gorda",
      "region": "Antofagasta",
      "country": "Chile",
      "lat": null,
      "lon": null
    }
  },
  {
    "model": "places.Commune",
    "fields": {
      "name": "Taltal",
      "slug": "taltal",
      "region": "Antofagasta",
      "country": "Chile",
      "lat": null,
      "lon": null
    }
  },
  {
    "model": "places.Commune",
    "fields": {
      "name": "Tocopilla",
      "slug": "tocopilla",
      "region": "Antofagasta",
      "country": "Chile",
      "lat": null,
      "lon": null
    }
  },
  {
    "model": "places.Commune",
    "fields": {
      "name": "Alto del Carmen",
      "slug": "alto-del-carmen",
      "region": "Atacama",
      "country": "Chile",
      "lat": null,
      "lon": null
    }
  },
  {
    "model": "places.Commune",
    "fields": {
      "name": "Caldera",
      "slug": "caldera",
      "region": "Atacama",
      "country": "Chile",
      "lat": null,
      "lon": null
    }
  },
  {
    "model": "places.Commune",
    "fields": {
      "name": "Chañaral",
      "slug": "chanaral",
      "region": "Atacama",
      "country": "Chile",
      "lat": null,
      "lon": null
    }
  },
  {
    "model": "places.Commune",
    "fields": {
      "name": "Copiapó",
      "slug": "copiapo",
      "region": "Atacama",
      "country": "Chile",
      "lat": null,
      "lon": null
    }
  },
  {
    "model": "places.Commune",
    "fields": {
      "name": "Diego de Almagro",
      "slug": "diego-de-almagro",
      "region": "Atacama",
      "country": "Chile",
      "lat": null,
      "lon": null
    }
  },
  {
    "model": "places.Commune",
    "fields": {
      "name": "Freirina",
      "slug": "freirina",
      "region": "Atacama",
      "country": "Chile",
      "lat": null,
      "lon": null
    }
  },
  {
    "model": "places.Commune",
    "fields": {
      "name": "Huasco",
      "slug": "huasco",
      "region": "Atacama",
      "country": "Chile",
      "lat": null,
      "lon": null
    }
  },
  {
    "model": "places.Commune",
    "fields": {
      "name": "Tierra Amarilla",
      "slug": "tierra-amarilla",
      "region": "Atacama",
      "country": "Chile",
      "lat": null,
      "lon": null
    }
  },
  {
    "model": "places.Commune",
    "fields": {
      "name": "Vallenar",
      "slug": "vallenar",
      "region": "Atacama",
      "country": "Chile",
      "lat": null,
      "lon": null
    }
  },
  {
    "model": "places.Commune",
    "fields": {
      "name": "Andacollo",
      "slug": "andacollo",
      "region": "Coquimbo",
      "country": "Chile",
      "lat": null,
      "lon": null
    }
  },
  {
    "model": "places.Commune",
    "fields": {
      "name": "Canela",
      "slug": "canela",
      "region": "Coquimbo",
      "country": "Chile",
      "lat": null,
      "lon": null
    }
  },
  {
    "model": "places.Commune",
    "fields": {
      "name": "Combarbalá",
      "slug": "combarbala",
      "region": "Coquimbo",
      "country": "Chile",
      "lat": null,
      "lon": null
    }
  },
  {
    "model": "places.Commune",
    "fields": {
      "name": "Coquimbo",
      "slug": "coquimbo",
      "region": "Coquimbo",
      "country": "Chile",
      "lat": null,
      "lon": null
    }
  },
  {
    "model": "places.Commune",
    "fields": {
      "name": "Illapel",
      "slug": "illapel",
      "region": "Coquimbo",
      "country": "Chile",
      "lat": null,
      "lon": null
    }
  },
  {
    "model": "places.Commune",
    "fields": {
      "name": "La Higuera",
      "slug": "la-higuera",
      "region": "Coquimbo",
      "country": "Chile",
      "lat": null,
      "lon": null
    }
  },
  {
    "model": "places.Commune",
    "fields": {
      "name": "La Serena",
      "slug": "la-serena",
      "region": "Coquimbo",
      "country": "Chile",
      "lat": null,
      "lon": null
    }
  },
  {
    "model": "places.Commune",
    "fields": {
      "name": "Los Vilos",
      "slug": "los-vilos",
      "region": "Coquimbo",
      "country": "Chile",
      "lat": null,
      "lon": null
    }
  },
  {
    "model": "places.Commune",
    "fields": {
      "name": "Monte Patria",
      "slug": "monte-patria",
      "region": "Coquimbo",
      "country": "Chile",
      "lat": null,
      "lon": null
    }
  },
  {
    "model": "places.Commune",
    "fields": {
      "name": "Ovalle",
      "slug": "ovalle",
      "region": "Coquimbo",
      "country": "Chile",
      "lat": null,
      "lon": null
    }
  },
  {
    "model": "places.Commune",
    "fields": {
      "name": "Paihuano",
      "slug": "paihuano",
      "region": "Coquimbo",
      "country": "Chile",
      "lat": null,
      "lon": null
    }
  },
  {
    "model": "places.Commune",
    "fields": {
      "name": "Punitaqui",
      "slug": "punitaqui",
      "region": "Coquimbo",
      "country": "Chile",
      "lat": null,
      "lon": null
    }
  },
  {
    "model": "places.Commune",
    "fields": {
      "name": "Río Hurtado",
      "slug": "rio-hurtado",
      "region": "Coquimbo",
      "country": "Chile",
      "lat": null,
      "lon": null
    }
  },
  {
    "model": "places.Commune",
    "fields": {
      "name": "Salamanca",
      "slug": "salamanca",
      "region": "Coquimbo",
      "country": "Chile",
      "lat": null,
      "lon": null
    }
  },
  {
    "model": "places.Commune",
    "fields": {
      "name": "Vicuña",
      "slug": "vicuna",
      "region": "Coquimbo",
      "country": "Chile",
      "lat": null,
      "lon": null
    }
  },
  {
    "model": "places.Commune",
    "fields": {
      "name": "Valparaíso",
      "slug": "valparaiso",
      "region": "Valparaíso",
      "country": "Chile",
      "lat": null,
      "lon": null
    }
  },
  {
    "model": "places.Commune",
    "fields": {
      "name": "Viña del Mar",
      "slug": "vina-del-mar",
      "region": "Valparaíso",
      "country": "Chile",
      "lat": null,
      "lon": null
    }
  },
  {
    "model": "places.Commune",
    "fields": {
      "name": "Concón",
      "slug": "concon",
      "region": "Valparaíso",
      "country": "Chile",
      "lat": null,
      "lon": null
    }
  },
  {
    "model": "places.Commune",
    "fields": {
      "name": "Quilpué",
      "slug": "quilpue",
      "region": "Valparaíso",
      "country": "Chile",
      "lat": null,
      "lon": null
    }
  },
  {
    "model": "places.Commune",
    "fields": {
      "name": "Villa Alemana",
      "slug": "villa-alemana",
      "region": "Valparaíso",
      "country": "Chile",
      "lat": null,
      "lon": null
    }
  },
  {
    "model": "places.Commune",
    "fields": {
      "name": "Casablanca",
      "slug": "casablanca",
      "region": "Valparaíso",
      "country": "Chile",
      "lat": null,
      "lon": null
    }
  },
  {
    "model": "places.Commune",
    "fields": {
      "name": "La Calera",
      "slug": "la-calera",
      "region": "Valparaíso",
      "country": "Chile",
      "lat": null,
      "lon": null
    }
  },
  {
    "model": "places.Commune",
    "fields": {
      "name": "La Cruz",
      "slug": "la-cruz",
      "region": "Valparaíso",
      "country": "Chile",
      "lat": null,
      "lon": null
    }
  },
  {
    "model": "places.Commune",
    "fields": {
      "name": "Hijuelas",
      "slug": "hijuelas",
      "region": "Valparaíso",
      "country": "Chile",
      "lat": null,
      "lon": null
    }
  },
  {
    "model": "places.Commune",
    "fields": {
      "name": "Nogales",
      "slug": "nogales",
      "region": "Valparaíso",
      "country": "Chile",
      "lat": null,
      "lon": null
    }
  },
  {
    "model": "places.Commune",
    "fields": {
      "name": "Quillota",
      "slug": "quillota",
      "region": "Valparaíso",
      "country": "Chile",
      "lat": null,
      "lon": null
    }
  },
  {
    "model": "places.Commune",
    "fields": {
      "name": "Limache",
      "slug": "limache",
      "region": "Valparaíso",
      "country": "Chile",
      "lat": null,
      "lon": null
    }
  },
  {
    "model": "places.Commune",
    "fields": {
      "name": "Olmué",
      "slug": "olmue",
      "region": "Valparaíso",
      "country": "Chile",
      "lat": null,
      "lon": null
    }
  },
  {
    "model": "places.Commune",
    "fields": {
      "name": "Quintero",
      "slug": "quintero",
      "region": "Valparaíso",
      "country": "Chile",
      "lat": null,
      "lon": null
    }
  },
  {
    "model": "places.Commune",
    "fields": {
      "name": "Puchuncaví",
      "slug": "puchuncavi",
      "region": "Valparaíso",
      "country": "Chile",
      "lat": null,
      "lon": null
    }
  },
  {
    "model": "places.Commune",
    "fields": {
      "name": "San Antonio",
      "slug": "san-antonio",
      "region": "Valparaíso",
      "country": "Chile",
      "lat": null,
      "lon": null
    }
  },
  {
    "model": "places.Commune",
    "fields": {
      "name": "Cartagena",
      "slug": "cartagena",
      "region": "Valparaíso",
      "country": "Chile",
      "lat": null,
      "lon": null
    }
  },
  {
    "model": "places.Commune",
    "fields": {
      "name": "El Tabo",
      "slug": "el-tabo",
      "region": "Valparaíso",
      "country": "Chile",
      "lat": null,
      "lon": null
    }
  },
  {
    "model": "places.Commune",
    "fields": {
      "name": "El Quisco",
      "slug": "el-quisco",
      "region": "Valparaíso",
      "country": "Chile",
      "lat": null,
      "lon": null
    }
  },
  {
    "model": "places.Commune",
    "fields": {
      "name": "Santo Domingo",
      "slug": "santo-domingo",
      "region": "Valparaíso",
      "country": "Chile",
      "lat": null,
      "lon": null
    }
  },
  {
    "model": "places.Commune",
    "fields": {
      "name": "Algarrobo",
      "slug": "algarrobo",
      "region": "Valparaíso",
      "country": "Chile",
      "lat": null,
      "lon": null
    }
  },
  {
    "model": "places.Commune",
    "fields": {
      "name": "San Felipe",
      "slug": "san-felipe",
      "region": "Valparaíso",
      "country": "Chile",
      "lat": null,
      "lon": null
    }
  },
  {
    "model": "places.Commune",
    "fields": {
      "name": "Putaendo",
      "slug": "putaendo",
      "region": "Valparaíso",
      "country": "Chile",
      "lat": null,
      "lon": null
    }
  },
  {
    "model": "places.Commune",
    "fields": {
      "name": "Santa María",
      "slug": "santa-maria",
      "region": "Valparaíso",
      "country": "Chile",
      "lat": null,
      "lon": null
    }
  },
  {
    "model": "places.Commune",
    "fields": {
      "name": "Panquehue",
      "slug": "panquehue",
      "region": "Valparaíso",
      "country": "Chile",
      "lat": null,
      "lon": null
    }
  },
  {
    "model": "places.Commune",
    "fields": {
      "name": "Llaillay",
      "slug": "llaillay",
      "region": "Valparaíso",
      "country": "Chile",
      "lat": null,
      "lon": null
    }
  },
  {
    "model": "places.Commune",
    "fields": {
      "name": "Catemu",
      "slug": "catemu",
      "region": "Valparaíso",
      "country": "Chile",
      "lat": null,
      "lon": null
    }
  },
  {
    "model": "places.Commune",
    "fields": {
      "name": "Los Andes",
      "slug": "los-andes",
      "region": "Valparaíso",
      "country": "Chile",
      "lat": null,
      "lon": null
    }
  },
  {
    "model": "places.Commune",
    "fields": {
      "name": "Calle Larga",
      "slug": "calle-larga",
      "region": "Valparaíso",
      "country": "Chile",
      "lat": null,
      "lon": null
    }
  },
  {
    "model": "places.Commune",
    "fields": {
      "name": "Rinconada",
      "slug": "rinconada",
      "region": "Valparaíso",
      "country": "Chile",
      "lat": null,
      "lon": null
    }
  },
  {
    "model": "places.Commune",
    "fields": {
      "name": "Rancagua",
      "slug": "rancagua",
      "region": "O'Higgins",
      "country": "Chile",
      "lat": null,
      "lon": null
    }
  },
  {
    "model": "places.Commune",
    "fields": {
      "name": "Machalí",
      "slug": "machali",
      "region": "O'Higgins",
      "country": "Chile",
      "lat": null,
      "lon": null
    }
  },
  {
    "model": "places.Commune",
    "fields": {
      "name": "Graneros",
      "slug": "graneros",
      "region": "O'Higgins",
      "country": "Chile",
      "lat": null,
      "lon": null
    }
  },
  {
    "model": "places.Commune",
    "fields": {
      "name": "Mostazal",
      "slug": "mostazal",
      "region": "O'Higgins",
      "country": "Chile",
      "lat": null,
      "lon": null
    }
  },
  {
    "model": "places.Commune",
    "fields": {
      "name": "Doñihue",
      "slug": "donihue",
      "region": "O'Higgins",
      "country": "Chile",
      "lat": null,
      "lon": null
    }
  },
  {
    "model": "places.Commune",
    "fields": {
      "name": "Coltauco",
      "slug": "coltauco",
      "region": "O'Higgins",
      "country": "Chile",
      "lat": null,
      "lon": null
    }
  },
  {
    "model": "places.Commune",
    "fields": {
      "name": "Las Cabras",
      "slug": "las-cabras",
      "region": "O'Higgins",
      "country": "Chile",
      "lat": null,
      "lon": null
    }
  },
  {
    "model": "places.Commune",
    "fields": {
      "name": "Peumo",
      "slug": "peumo",
      "region": "O'Higgins",
      "country": "Chile",
      "lat": null,
      "lon": null
    }
  },
  {
    "model": "places.Commune",
    "fields": {
      "name": "Pichidegua",
      "slug": "pichidegua",
      "region": "O'Higgins",
      "country": "Chile",
      "lat": null,
      "lon": null
    }
  },
  {
    "model": "places.Commune",
    "fields": {
      "name": "Requínoa",
      "slug": "requinoa",
      "region": "O'Higgins",
      "country": "Chile",
      "lat": null,
      "lon": null
    }
  },
  {
    "model": "places.Commune",
    "fields": {
      "name": "Rengo",
      "slug": "rengo",
      "region": "O'Higgins",
      "country": "Chile",
      "lat": null,
      "lon": null
    }
  },
  {
    "model": "places.Commune",
    "fields": {
      "name": "Malloa",
      "slug": "malloa",
      "region": "O'Higgins",
      "country": "Chile",
      "lat": null,
      "lon": null
    }
  },
  {
    "model": "places.Commune",
    "fields": {
      "name": "San Vicente",
      "slug": "san-vicente",
      "region": "O'Higgins",
      "country": "Chile",
      "lat": null,
      "lon": null
    }
  },
  {
    "model": "places.Commune",
    "fields": {
      "name": "Pichilemu",
      "slug": "pichilemu",
      "region": "O'Higgins",
      "country": "Chile",
      "lat": null,
      "lon": null
    }
  },
  {
    "model": "places.Commune",
    "fields": {
      "name": "Navidad",
      "slug": "navidad",
      "region": "O'Higgins",
      "country": "Chile",
      "lat": null,
      "lon": null
    }
  },
  {
    "model": "places.Commune",
    "fields": {
      "name": "Litueche",
      "slug": "litueche",
      "region": "O'Higgins",
      "country": "Chile",
      "lat": null,
      "lon": null
    }
  },
  {
    "model": "places.Commune",
    "fields": {
      "name": "Marchigüe",
      "slug": "marchigüe",
      "region": "O'Higgins",
      "country": "Chile",
      "lat": null,
      "lon": null
    }
  },
  {
    "model": "places.Commune",
    "fields": {
      "name": "La Estrella",
      "slug": "la-estrella",
      "region": "O'Higgins",
      "country": "Chile",
      "lat": null,
      "lon": null
    }
  },
  {
    "model": "places.Commune",
    "fields": {
      "name": "Paredones",
      "slug": "paredones",
      "region": "O'Higgins",
      "country": "Chile",
      "lat": null,
      "lon": null
    }
  },
  {
    "model": "places.Commune",
    "fields": {
      "name": "Santa Cruz",
      "slug": "santa-cruz",
      "region": "O'Higgins",
      "country": "Chile",
      "lat": null,
      "lon": null
    }
  },
  {
    "model": "places.Commune",
    "fields": {
      "name": "Chimbarongo",
      "slug": "chimbarongo",
      "region": "O'Higgins",
      "country": "Chile",
      "lat": null,
      "lon": null
    }
  },
  {
    "model": "places.Commune",
    "fields": {
      "name": "Nancagua",
      "slug": "nancagua",
      "region": "O'Higgins",
      "country": "Chile",
      "lat": null,
      "lon": null
    }
  },
  {
    "model": "places.Commune",
    "fields": {
      "name": "Placilla",
      "slug": "placilla",
      "region": "O'Higgins",
      "country": "Chile",
      "lat": null,
      "lon": null
    }
  },
  {
    "model": "places.Commune",
    "fields": {
      "name": "Palmilla",
      "slug": "palmilla",
      "region": "O'Higgins",
      "country": "Chile",
      "lat": null,
      "lon": null
    }
  },
  {
    "model": "places.Commune",
    "fields": {
      "name": "Peralillo",
      "slug": "peralillo",
      "region": "O'Higgins",
      "country": "Chile",
      "lat": null,
      "lon": null
    }
  },
  {
    "model": "places.Commune",
    "fields": {
      "name": "Talca",
      "slug": "talca",
      "region": "Maule",
      "country": "Chile",
      "lat": null,
      "lon": null
    }
  },
  {
    "model": "places.Commune",
    "fields": {
      "name": "San Clemente",
      "slug": "san-clemente",
      "region": "Maule",
      "country": "Chile",
      "lat": null,
      "lon": null
    }
  },
  {
    "model": "places.Commune",
    "fields": {
      "name": "Pelarco",
      "slug": "pelarco",
      "region": "Maule",
      "country": "Chile",
      "lat": null,
      "lon": null
    }
  },
  {
    "model": "places.Commune",
    "fields": {
      "name": "Río Claro",
      "slug": "rio-claro",
      "region": "Maule",
      "country": "Chile",
      "lat": null,
      "lon": null
    }
  },
  {
    "model": "places.Commune",
    "fields": {
      "name": "Curepto",
      "slug": "curepto",
      "region": "Maule",
      "country": "Chile",
      "lat": null,
      "lon": null
    }
  },
  {
    "model": "places.Commune",
    "fields": {
      "name": "Constitución",
      "slug": "constitucion",
      "region": "Maule",
      "country": "Chile",
      "lat": null,
      "lon": null
    }
  },
  {
    "model": "places.Commune",
    "fields": {
      "name": "Empedrado",
      "slug": "empedrado",
      "region": "Maule",
      "country": "Chile",
      "lat": null,
      "lon": null
    }
  },
  {
    "model": "places.Commune",
    "fields": {
      "name": "Maule",
      "slug": "maule",
      "region": "Maule",
      "country": "Chile",
      "lat": null,
      "lon": null
    }
  },
  {
    "model": "places.Commune",
    "fields": {
      "name": "San Rafael",
      "slug": "san-rafael",
      "region": "Maule",
      "country": "Chile",
      "lat": null,
      "lon": null
    }
  },
  {
    "model": "places.Commune",
    "fields": {
      "name": "Curicó",
      "slug": "curico",
      "region": "Maule",
      "country": "Chile",
      "lat": null,
      "lon": null
    }
  },
  {
    "model": "places.Commune",
    "fields": {
      "name": "Teno",
      "slug": "teno",
      "region": "Maule",
      "country": "Chile",
      "lat": null,
      "lon": null
    }
  },
  {
    "model": "places.Commune",
    "fields": {
      "name": "Romeral",
      "slug": "romeral",
      "region": "Maule",
      "country": "Chile",
      "lat": null,
      "lon": null
    }
  },
  {
    "model": "places.Commune",
    "fields": {
      "name": "Rauco",
      "slug": "rauco",
      "region": "Maule",
      "country": "Chile",
      "lat": null,
      "lon": null
    }
  },
  {
    "model": "places.Commune",
    "fields": {
      "name": "Hualañé",
      "slug": "hualane",
      "region": "Maule",
      "country": "Chile",
      "lat": null,
      "lon": null
    }
  },
  {
    "model": "places.Commune",
    "fields": {
      "name": "Licantén",
      "slug": "licanten",
      "region": "Maule",
      "country": "Chile",
      "lat": null,
      "lon": null
    }
  },
  {
    "model": "places.Commune",
    "fields": {
      "name": "Vichuquén",
      "slug": "vichuquen",
      "region": "Maule",
      "country": "Chile",
      "lat": null,
      "lon": null
    }
  },
  {
    "model": "places.Commune",
    "fields": {
      "name": "Molina",
      "slug": "molina",
      "region": "Maule",
      "country": "Chile",
      "lat": null,
      "lon": null
    }
  },
  {
    "model": "places.Commune",
    "fields": {
      "name": "Sagrada Familia",
      "slug": "sagrada-familia",
      "region": "Maule",
      "country": "Chile",
      "lat": null,
      "lon": null
    }
  },
  {
    "model": "places.Commune",
    "fields": {
      "name": "Linares",
      "slug": "linares",
      "region": "Maule",
      "country": "Chile",
      "lat": null,
      "lon": null
    }
  },
  {
    "model": "places.Commune",
    "fields": {
      "name": "Yerbas Buenas",
      "slug": "yerbas-buenas",
      "region": "Maule",
      "country": "Chile",
      "lat": null,
      "lon": null
    }
  },
  {
    "model": "places.Commune",
    "fields": {
      "name": "Colbún",
      "slug": "colbun",
      "region": "Maule",
      "country": "Chile",
      "lat": null,
      "lon": null
    }
  },
  {
    "model": "places.Commune",
    "fields": {
      "name": "Villa Alegre",
      "slug": "villa-alegre",
      "region": "Maule",
      "country": "Chile",
      "lat": null,
      "lon": null
    }
  },
  {
    "model": "places.Commune",
    "fields": {
      "name": "San Javier",
      "slug": "san-javier",
      "region": "Maule",
      "country": "Chile",
      "lat": null,
      "lon": null
    }
  },
  {
    "model": "places.Commune",
    "fields": {
      "name": "Longaví",
      "slug": "longavi",
      "region": "Maule",
      "country": "Chile",
      "lat": null,
      "lon": null
    }
  },
  {
    "model": "places.Commune",
    "fields": {
      "name": "Retiro",
      "slug": "retiro",
      "region": "Maule",
      "country": "Chile",
      "lat": null,
      "lon": null
    }
  },
  {
    "model": "places.Commune",
    "fields": {
      "name": "Parral",
      "slug": "parral",
      "region": "Maule",
      "country": "Chile",
      "lat": null,
      "lon": null
    }
  },
  {
    "model": "places.Commune",
    "fields": {
      "name": "Cauquenes",
      "slug": "cauquenes",
      "region": "Maule",
      "country": "Chile",
      "lat": null,
      "lon": null
    }
  },
  {
    "model": "places.Commune",
    "fields": {
      "name": "Chanco",
      "slug": "chanco",
      "region": "Maule",
      "country": "Chile",
      "lat": null,
      "lon": null
    }
  },
  {
    "model": "places.Commune",
    "fields": {
      "name": "Pelluhue",
      "slug": "pelluhue",
      "region": "Maule",
      "country": "Chile",
      "lat": null,
      "lon": null
    }
  },
  {
    "model": "places.Commune",
    "fields": {
      "name": "Chillán",
      "slug": "chillan",
      "region": "Ñuble",
      "country": "Chile",
      "lat": null,
      "lon": null
    }
  },
  {
    "model": "places.Commune",
    "fields": {
      "name": "Chillán Viejo",
      "slug": "chillan-viejo",
      "region": "Ñuble",
      "country": "Chile",
      "lat": null,
      "lon": null
    }
  },
  {
    "model": "places.Commune",
    "fields": {
      "name": "Bulnes",
      "slug": "bulnes",
      "region": "Ñuble",
      "country": "Chile",
      "lat": null,
      "lon": null
    }
  },
  {
    "model": "places.Commune",
    "fields": {
      "name": "Quillón",
      "slug": "quillon",
      "region": "Ñuble",
      "country": "Chile",
      "lat": null,
      "lon": null
    }
  },
  {
    "model": "places.Commune",
    "fields": {
      "name": "San Ignacio",
      "slug": "san-ignacio",
      "region": "Ñuble",
      "country": "Chile",
      "lat": null,
      "lon": null
    }
  },
  {
    "model": "places.Commune",
    "fields": {
      "name": "El Carmen",
      "slug": "el-carmen",
      "region": "Ñuble",
      "country": "Chile",
      "lat": null,
      "lon": null
    }
  },
  {
    "model": "places.Commune",
    "fields": {
      "name": "Pemuco",
      "slug": "pemuco",
      "region": "Ñuble",
      "country": "Chile",
      "lat": null,
      "lon": null
    }
  },
  {
    "model": "places.Commune",
    "fields": {
      "name": "Yungay",
      "slug": "yungay",
      "region": "Ñuble",
      "country": "Chile",
      "lat": null,
      "lon": null
    }
  },
  {
    "model": "places.Commune",
    "fields": {
      "name": "Pinto",
      "slug": "pinto",
      "region": "Ñuble",
      "country": "Chile",
      "lat": null,
      "lon": null
    }
  },
  {
    "model": "places.Commune",
    "fields": {
      "name": "Coihueco",
      "slug": "coihueco",
      "region": "Ñuble",
      "country": "Chile",
      "lat": null,
      "lon": null
    }
  },
  {
    "model": "places.Commune",
    "fields": {
      "name": "San Carlos",
      "slug": "san-carlos",
      "region": "Ñuble",
      "country": "Chile",
      "lat": null,
      "lon": null
    }
  },
  {
    "model": "places.Commune",
    "fields": {
      "name": "Ñiquén",
      "slug": "niquen",
      "region": "Ñuble",
      "country": "Chile",
      "lat": null,
      "lon": null
    }
  },
  {
    "model": "places.Commune",
    "fields": {
      "name": "San Nicolás",
      "slug": "san-nicolas",
      "region": "Ñuble",
      "country": "Chile",
      "lat": null,
      "lon": null
    }
  },
  {
    "model": "places.Commune",
    "fields": {
      "name": "Ninhue",
      "slug": "ninhue",
      "region": "Ñuble",
      "country": "Chile",
      "lat": null,
      "lon": null
    }
  },
  {
    "model": "places.Commune",
    "fields": {
      "name": "Quirihue",
      "slug": "quirihue",
      "region": "Ñuble",
      "country": "Chile",
      "lat": null,
      "lon": null
    }
  },
  {
    "model": "places.Commune",
    "fields": {
      "name": "Cobquecura",
      "slug": "cobquecura",
      "region": "Ñuble",
      "country": "Chile",
      "lat": null,
      "lon": null
    }
  },
  {
    "model": "places.Commune",
    "fields": {
      "name": "Portezuelo",
      "slug": "portezuelo",
      "region": "Ñuble",
      "country": "Chile",
      "lat": null,
      "lon": null
    }
  },
  {
    "model": "places.Commune",
    "fields": {
      "name": "Ránquil",
      "slug": "ranquil",
      "region": "Ñuble",
      "country": "Chile",
      "lat": null,
      "lon": null
    }
  },
  {
    "model": "places.Commune",
    "fields": {
      "name": "Coelemu",
      "slug": "coelemu",
      "region": "Ñuble",
      "country": "Chile",
      "lat": null,
      "lon": null
    }
  },
  {
    "model": "places.Commune",
    "fields": {
      "name": "Trehuaco",
      "slug": "trehuaco",
      "region": "Ñuble",
      "country": "Chile",
      "lat": null,
      "lon": null
    }
  },
  {
    "model": "places.Commune",
    "fields": {
      "name": "Concepción",
      "slug": "concepcion",
      "region": "Biobío",
      "country": "Chile",
      "lat": null,
      "lon": null
    }
  },
  {
    "model": "places.Commune",
    "fields": {
      "name": "Talcahuano",
      "slug": "talcahuano",
      "region": "Biobío",
      "country": "Chile",
      "lat": null,
      "lon": null
    }
  },
  {
    "model": "places.Commune",
    "fields": {
      "name": "Penco",
      "slug": "penco",
      "region": "Biobío",
      "country": "Chile",
      "lat": null,
      "lon": null
    }
  },
  {
    "model": "places.Commune",
    "fields": {
      "name": "Tomé",
      "slug": "tome",
      "region": "Biobío",
      "country": "Chile",
      "lat": null,
      "lon": null
    }
  },
  {
    "model": "places.Commune",
    "fields": {
      "name": "Hualpén",
      "slug": "hualpen",
      "region": "Biobío",
      "country": "Chile",
      "lat": null,
      "lon": null
    }
  },
  {
    "model": "places.Commune",
    "fields": {
      "name": "Chiguayante",
      "slug": "chiguayante",
      "region": "Biobío",
      "country": "Chile",
      "lat": null,
      "lon": null
    }
  },
  {
    "model": "places.Commune",
    "fields": {
      "name": "San Pedro de la Paz",
      "slug": "san-pedro-de-la-paz",
      "region": "Biobío",
      "country": "Chile",
      "lat": null,
      "lon": null
    }
  },
  {
    "model": "places.Commune",
    "fields": {
      "name": "Coronel",
      "slug": "coronel",
      "region": "Biobío",
      "country": "Chile",
      "lat": null,
      "lon": null
    }
  },
  {
    "model": "places.Commune",
    "fields": {
      "name": "Lota",
      "slug": "lota",
      "region": "Biobío",
      "country": "Chile",
      "lat": null,
      "lon": null
    }
  },
  {
    "model": "places.Commune",
    "fields": {
      "name": "Hualqui",
      "slug": "hualqui",
      "region": "Biobío",
      "country": "Chile",
      "lat": null,
      "lon": null
    }
  },
  {
    "model": "places.Commune",
    "fields": {
      "name": "Florida",
      "slug": "florida",
      "region": "Biobío",
      "country": "Chile",
      "lat": null,
      "lon": null
    }
  },
  {
    "model": "places.Commune",
    "fields": {
      "name": "Santa Juana",
      "slug": "santa-juana",
      "region": "Biobío",
      "country": "Chile",
      "lat": null,
      "lon": null
    }
  },
  {
    "model": "places.Commune",
    "fields": {
      "name": "Arauco",
      "slug": "arauco",
      "region": "Biobío",
      "country": "Chile",
      "lat": null,
      "lon": null
    }
  },
  {
    "model": "places.Commune",
    "fields": {
      "name": "Curanilahue",
      "slug": "curanilahue",
      "region": "Biobío",
      "country": "Chile",
      "lat": null,
      "lon": null
    }
  },
  {
    "model": "places.Commune",
    "fields": {
      "name": "Lebu",
      "slug": "lebu",
      "region": "Biobío",
      "country": "Chile",
      "lat": null,
      "lon": null
    }
  },
  {
    "model": "places.Commune",
    "fields": {
      "name": "Los Álamos",
      "slug": "los-alamos",
      "region": "Biobío",
      "country": "Chile",
      "lat": null,
      "lon": null
    }
  },
  {
    "model": "places.Commune",
    "fields": {
      "name": "Cañete",
      "slug": "canete",
      "region": "Biobío",
      "country": "Chile",
      "lat": null,
      "lon": null
    }
  },
  {
    "model": "places.Commune",
    "fields": {
      "name": "Contulmo",
      "slug": "contulmo",
      "region": "Biobío",
      "country": "Chile",
      "lat": null,
      "lon": null
    }
  },
  {
    "model": "places.Commune",
    "fields": {
      "name": "Tirúa",
      "slug": "tirua",
      "region": "Biobío",
      "country": "Chile",
      "lat": null,
      "lon": null
    }
  },
  {
    "model": "places.Commune",
    "fields": {
      "name": "Los Ángeles",
      "slug": "los-angeles",
      "region": "Biobío",
      "country": "Chile",
      "lat": null,
      "lon": null
    }
  },
  {
    "model": "places.Commune",
    "fields": {
      "name": "Cabrero",
      "slug": "cabrero",
      "region": "Biobío",
      "country": "Chile",
      "lat": null,
      "lon": null
    }
  },
  {
    "model": "places.Commune",
    "fields": {
      "name": "Yumbel",
      "slug": "yumbel",
      "region": "Biobío",
      "country": "Chile",
      "lat": null,
      "lon": null
    }
  },
  {
    "model": "places.Commune",
    "fields": {
      "name": "Laja",
      "slug": "laja",
      "region": "Biobío",
      "country": "Chile",
      "lat": null,
      "lon": null
    }
  },
  {
    "model": "places.Commune",
    "fields": {
      "name": "San Rosendo",
      "slug": "san-rosendo",
      "region": "Biobío",
      "country": "Chile",
      "lat": null,
      "lon": null
    }
  },
  {
    "model": "places.Commune",
    "fields": {
      "name": "Nacimiento",
      "slug": "nacimiento",
      "region": "Biobío",
      "country": "Chile",
      "lat": null,
      "lon": null
    }
  },
  {
    "model": "places.Commune",
    "fields": {
      "name": "Mulchén",
      "slug": "mulchen",
      "region": "Biobío",
      "country": "Chile",
      "lat": null,
      "lon": null
    }
  },
  {
    "model": "places.Commune",
    "fields": {
      "name": "Negrete",
      "slug": "negrete",
      "region": "Biobío",
      "country": "Chile",
      "lat": null,
      "lon": null
    }
  },
  {
    "model": "places.Commune",
    "fields": {
      "name": "Quilleco",
      "slug": "quilleco",
      "region": "Biobío",
      "country": "Chile",
      "lat": null,
      "lon": null
    }
  },
  {
    "model": "places.Commune",
    "fields": {
      "name": "Quilaco",
      "slug": "quilaco",
      "region": "Biobío",
      "country": "Chile",
      "lat": null,
      "lon": null
    }
  },
  {
    "model": "places.Commune",
    "fields": {
      "name": "Santa Bárbara",
      "slug": "santa-barbara",
      "region": "Biobío",
      "country": "Chile",
      "lat": null,
      "lon": null
    }
  },
  {
    "model": "places.Commune",
    "fields": {
      "name": "Alto Biobío",
      "slug": "alto-biobio",
      "region": "Biobío",
      "country": "Chile",
      "lat": null,
      "lon": null
    }
  },
  {
    "model": "places.Commune",
    "fields": {
      "name": "Tucapel",
      "slug": "tucapel",
      "region": "Biobío",
      "country": "Chile",
      "lat": null,
      "lon": null
    }
  },
  {
    "model": "places.Commune",
    "fields": {
      "name": "Antuco",
      "slug": "antuco",
      "region": "Biobío",
      "country": "Chile",
      "lat": null,
      "lon": null
    }
  },
  {
    "model": "places.Commune",
    "fields": {
      "name": "Temuco",
      "slug": "temuco",
      "region": "La Araucanía",
      "country": "Chile",
      "lat": null,
      "lon": null
    }
  },
  {
    "model": "places.Commune",
    "fields": {
      "name": "Padre Las Casas",
      "slug": "padre-las-casas",
      "region": "La Araucanía",
      "country": "Chile",
      "lat": null,
      "lon": null
    }
  },
  {
    "model": "places.Commune",
    "fields": {
      "name": "Lautaro",
      "slug": "lautaro",
      "region": "La Araucanía",
      "country": "Chile",
      "lat": null,
      "lon": null
    }
  },
  {
    "model": "places.Commune",
    "fields": {
      "name": "Perquenco",
      "slug": "perquenco",
      "region": "La Araucanía",
      "country": "Chile",
      "lat": null,
      "lon": null
    }
  },
  {
    "model": "places.Commune",
    "fields": {
      "name": "Galvarino",
      "slug": "galvarino",
      "region": "La Araucanía",
      "country": "Chile",
      "lat": null,
      "lon": null
    }
  },
  {
    "model": "places.Commune",
    "fields": {
      "name": "Vilcún",
      "slug": "vilcun",
      "region": "La Araucanía",
      "country": "Chile",
      "lat": null,
      "lon": null
    }
  },
  {
    "model": "places.Commune",
    "fields": {
      "name": "Curarrehue",
      "slug": "curarrehue",
      "region": "La Araucanía",
      "country": "Chile",
      "lat": null,
      "lon": null
    }
  },
  {
    "model": "places.Commune",
    "fields": {
      "name": "Cunco",
      "slug": "cunco",
      "region": "La Araucanía",
      "country": "Chile",
      "lat": null,
      "lon": null
    }
  },
  {
    "model": "places.Commune",
    "fields": {
      "name": "Melipeuco",
      "slug": "melipeuco",
      "region": "La Araucanía",
      "country": "Chile",
      "lat": null,
      "lon": null
    }
  },
  {
    "model": "places.Commune",
    "fields": {
      "name": "Nueva Imperial",
      "slug": "nueva-imperial",
      "region": "La Araucanía",
      "country": "Chile",
      "lat": null,
      "lon": null
    }
  },
  {
    "model": "places.Commune",
    "fields": {
      "name": "Carahue",
      "slug": "carahue",
      "region": "La Araucanía",
      "country": "Chile",
      "lat": null,
      "lon": null
    }
  },
  {
    "model": "places.Commune",
    "fields": {
      "name": "Saavedra",
      "slug": "saavedra",
      "region": "La Araucanía",
      "country": "Chile",
      "lat": null,
      "lon": null
    }
  },
  {
    "model": "places.Commune",
    "fields": {
      "name": "Teodoro Schmidt",
      "slug": "teodoro-schmidt",
      "region": "La Araucanía",
      "country": "Chile",
      "lat": null,
      "lon": null
    }
  },
  {
    "model": "places.Commune",
    "fields": {
      "name": "Toltén",
      "slug": "tolten",
      "region": "La Araucanía",
      "country": "Chile",
      "lat": null,
      "lon": null
    }
  },
  {
    "model": "places.Commune",
    "fields": {
      "name": "Gorbea",
      "slug": "gorbea",
      "region": "La Araucanía",
      "country": "Chile",
      "lat": null,
      "lon": null
    }
  },
  {
    "model": "places.Commune",
    "fields": {
      "name": "Loncoche",
      "slug": "loncoche",
      "region": "La Araucanía",
      "country": "Chile",
      "lat": null,
      "lon": null
    }
  },
  {
    "model": "places.Commune",
    "fields": {
      "name": "Pitrufquén",
      "slug": "pitrufquen",
      "region": "La Araucanía",
      "country": "Chile",
      "lat": null,
      "lon": null
    }
  },
  {
    "model": "places.Commune",
    "fields": {
      "name": "Freire",
      "slug": "freire",
      "region": "La Araucanía",
      "country": "Chile",
      "lat": null,
      "lon": null
    }
  }
]